"id","texto","urls","status_code"
8,"Biografía de Albert Einstein, físico premio nobel  quien desarrolló la teoría de la relatividad, base de la física moderna. https://www.Biografíasyvidas.com/monografia/einstein/","https://www.Biografíasyvidas.com/monografia/einstein/",NA
31,"Desde la década de los 90 se realizan en diversos lugares del mundo investigaciones de tipo experimental. El proyecto BICEP comenzó investigaciones del 2006 al 2008 , el BICEP2 es una continuación del mismo https://lweb.cfa.harvard.edu/CMB/bicep2/science.html","https://lweb.cfa.harvard.edu/CMB/bicep2/science.html",404
34,"¿ Si el universo actual es de 14 billones de años luz, como es posible observar objetos a 47 billones de años luz de distancia ?  HYPERLINK ""http://www.astro.ucla.edu/~wright/cosmology_faq.html"" \l ""DN""http://www.astro.ucla.edu/~wright/cosmology_faq.html#DN Edward L. (Ned) Wright , obtuvo su grado PhD en astronomía de la universidad de Harvard en 1976. Luego de enseñar en el departamento de Física de MIT, ha sido profesor en UCLA desde 1981. ","http://www.astro.ucla.edu/~wright/cosmology_faq.html""",NA
34,"¿ Si el universo actual es de 14 billones de años luz, como es posible observar objetos a 47 billones de años luz de distancia ?  HYPERLINK ""http://www.astro.ucla.edu/~wright/cosmology_faq.html"" \l ""DN""http://www.astro.ucla.edu/~wright/cosmology_faq.html#DN Edward L. (Ned) Wright , obtuvo su grado PhD en astronomía de la universidad de Harvard en 1976. Luego de enseñar en el departamento de Física de MIT, ha sido profesor en UCLA desde 1981. ","http://www.astro.ucla.edu/~wright/cosmology_faq.html#DN",NA
35,"¿ Donde está el centro del Big Bang ? http://www.astro.ucla.edu/~wright/nocenter.html Edward L. (Ned) Wright , obtuvo su grado PhD en astronomía de la universidad de Harvard en 1976. Luego de enseñar en el departamento de Física de MIT, ha sido profesor en UCLA desde 1981. ","http://www.astro.ucla.edu/~wright/nocenter.html",NA
39,"80 años del entrelazamiento cuántico de Einstein, Podolsky y Rosen https://www.scientificamerican.com/espanol/noticias/ochenta-anos-del-entrelazamiento-cuantico/","https://www.scientificamerican.com/espanol/noticias/ochenta-anos-del-entrelazamiento-cuantico/",404
40,"¿Que son los cubits? https://platzi.com/tutoriales/1098-ingenieria/1521-que-son-los-cubits/","https://platzi.com/tutoriales/1098-ingenieria/1521-que-son-los-cubits/",403
46,"Milestone Pig-to-Human Heart Transplant May Pave the Way for Broader Trial, Scientifican American, Octubre 2023  HYPERLINK ""https://www.scientificamerican.com/article/milestone-pig-to-human-heart-transplant-may-pave-the-way-for-broader-trial/"" \l "":~:text=In January 2022 Griffith and,failed%2C and he passed away.""https://www.scientificamerican.com/article/milestone-pig-to-human-heart-transplant-may-pave-the-way-for-broader-trial/#:~:text=In%20January%202022%20Griffith%20and,failed%2C%20and%20he%20passed%20away.","https://www.scientificamerican.com/article/milestone-pig-to-human-heart-transplant-may-pave-the-way-for-broader-trial/""",404
46,"Milestone Pig-to-Human Heart Transplant May Pave the Way for Broader Trial, Scientifican American, Octubre 2023  HYPERLINK ""https://www.scientificamerican.com/article/milestone-pig-to-human-heart-transplant-may-pave-the-way-for-broader-trial/"" \l "":~:text=In January 2022 Griffith and,failed%2C and he passed away.""https://www.scientificamerican.com/article/milestone-pig-to-human-heart-transplant-may-pave-the-way-for-broader-trial/#:~:text=In%20January%202022%20Griffith%20and,failed%2C%20and%20he%20passed%20away.","failed%2C%20and%20he%20passed%20away.",NA
49,"Our world in Data, Life expectancy:  HYPERLINK ""https://ourworldindata.org/life-expectancy"" \l ""life-expectancy-has-improved-globally""https://ourworldindata.org/life-expectancy#life-expectancy-has-improved-globally – World Population Growth  HYPERLINK ""https://ourworldindata.org/world-population-growth"" \l ""all-charts-preview""https://ourworldindata.org/world-population-growth#all-charts-preview","https://ourworldindata.org/life-expectancy""",404
49,"Our world in Data, Life expectancy:  HYPERLINK ""https://ourworldindata.org/life-expectancy"" \l ""life-expectancy-has-improved-globally""https://ourworldindata.org/life-expectancy#life-expectancy-has-improved-globally – World Population Growth  HYPERLINK ""https://ourworldindata.org/world-population-growth"" \l ""all-charts-preview""https://ourworldindata.org/world-population-growth#all-charts-preview","https://ourworldindata.org/world-population-growth""",404
66,"“Robust prediction of individual creative ability from brain functional connectivity”, Proceedings of the National Academy of Sciences of the United States of America- PNAS. https://www.pnas.org/content/115/5/1087","https://www.pnas.org/content/115/5/1087",403
67,"La declaración sobre la consciencia de Cambridge, Julio 7 de 2012.  HYPERLINK ""https://www.animal-ethics.org/declaracion-consciencia-cambridge/"" \l "":~:text=La Declaración fue proclamada de,por Low%2C Edelman and Koch.""https://www.animal-ethics.org/declaracion-consciencia-cambridge/#:~:text=La%20Declaraci%C3%B3n%20fue%20proclamada%20de,por%20Low%2C%20Edelman%20and%20Koch.","https://www.animal-ethics.org/declaracion-consciencia-cambridge/""",403
67,"La declaración sobre la consciencia de Cambridge, Julio 7 de 2012.  HYPERLINK ""https://www.animal-ethics.org/declaracion-consciencia-cambridge/"" \l "":~:text=La Declaración fue proclamada de,por Low%2C Edelman and Koch.""https://www.animal-ethics.org/declaracion-consciencia-cambridge/#:~:text=La%20Declaraci%C3%B3n%20fue%20proclamada%20de,por%20Low%2C%20Edelman%20and%20Koch.","https://www.animal-ethics.org/declaracion-consciencia-cambridge/#:~:text=La%20Declaraci%C3%B3n%20fue%20proclamada%20de",403
67,"La declaración sobre la consciencia de Cambridge, Julio 7 de 2012.  HYPERLINK ""https://www.animal-ethics.org/declaracion-consciencia-cambridge/"" \l "":~:text=La Declaración fue proclamada de,por Low%2C Edelman and Koch.""https://www.animal-ethics.org/declaracion-consciencia-cambridge/#:~:text=La%20Declaraci%C3%B3n%20fue%20proclamada%20de,por%20Low%2C%20Edelman%20and%20Koch.","por%20Low%2C%20Edelman%20and%20Koch.",NA
68,"Schaefer, D. O. (2012). Do Animals Have Religion? Interdisciplinary Perspectives on Religion and Embodiment. Anthrozoös, 25(sup1), s173–s189. https://doi.org/10.2752/175303712X13353430377291","https://doi.org/10.2752/175303712X13353430377291",403
83,"Ver documento completo ¿Que se siente ser un murciélago ?: https://pdfs.semanticscholar.org/3c41/da79e03876d1cf69f5784e880aabd4844c91.pdf","https://pdfs.semanticscholar.org/3c41/da79e03876d1cf69f5784e880aabd4844c91.pdf",404
85,"Definición del cientificismo  HYPERLINK ""https://www.unav.edu/web/ciencia-razon-y-fe/cientificismo-positivista-y-ciencia-positiva-hoy"" \l ""b""https://www.unav.edu/web/ciencia-razon-y-fe/cientificismo-positivista-y-ciencia-positiva-hoy#b","https://www.unav.edu/web/ciencia-razon-y-fe/cientificismo-positivista-y-ciencia-positiva-hoy""",400
105,"Evidence supporting an intentional Neardental burial at La Capelle Aux-Sanints https://www.ncbi.nlm.nih.gov/pmc/articles/PMC3890882/","https://www.ncbi.nlm.nih.gov/pmc/articles/PMC3890882/",403
107,"El Paleolítico definición y cronología  HYPERLINK ""https://es.wikipedia.org/wiki/Paleolítico"" \l ""Creencias""https://es.wikipedia.org/wiki/Paleol%C3%ADtico#Creencias","https://es.wikipedia.org/wiki/Paleolítico""",404
113,"Introducción a la economía China: los inicios de la época dinástica https://zhuangziinstitute.org/tag/cultura-de-peilikan-y-cishan/","https://zhuangziinstitute.org/tag/cultura-de-peilikan-y-cishan/",NA
116,"La edad de los metales se estima vá desde el siglo VI AC hasta el siglo I AC; comienza con el trabajo del Cobre, el Bronce y el Hierro. https://www.historiando.org/edad-de-los-metales/","https://www.historiando.org/edad-de-los-metales/",404
119,"What is Judaism ?  HYPERLINK ""https://www.chabad.org/library/article_cdo/aid/3710122/jewish/What-Is-Judaism.htm"" \l ""Watch""https://www.chabad.org/library/article_cdo/aid/3710122/jewish/What-Is-Judaism.htm#Watch","https://www.chabad.org/library/article_cdo/aid/3710122/jewish/What-Is-Judaism.htm""",403
119,"What is Judaism ?  HYPERLINK ""https://www.chabad.org/library/article_cdo/aid/3710122/jewish/What-Is-Judaism.htm"" \l ""Watch""https://www.chabad.org/library/article_cdo/aid/3710122/jewish/What-Is-Judaism.htm#Watch","https://www.chabad.org/library/article_cdo/aid/3710122/jewish/What-Is-Judaism.htm#Watch",403
122,"Acerca de la religión Judía https://es.chabad.org/library/article_cdo/aid/3235655/jewish/Quines-son-los-judos.htm","https://es.chabad.org/library/article_cdo/aid/3235655/jewish/Quines-son-los-judos.htm",403
127,"Biografía de Mahoma  HYPERLINK ""https://www.biografiasyvidas.com/biografia/m/mahoma.htm"" \l "":~:text=A los seis años quedó,comerciante respetado en la ciudad.""https://www.Biografíasyvidas.com/Biografía/m/mahoma.htm#:~:text=A%20los%20seis%20a%C3%B1os%20qued%C3%B3,comerciante%20respetado%20en%20la%20ciudad.","https://www.Biografíasyvidas.com/Biografía/m/mahoma.htm#:~:text=A%20los%20seis%20a%C3%B1os%20qued%C3%B3",NA
127,"Biografía de Mahoma  HYPERLINK ""https://www.biografiasyvidas.com/biografia/m/mahoma.htm"" \l "":~:text=A los seis años quedó,comerciante respetado en la ciudad.""https://www.Biografíasyvidas.com/Biografía/m/mahoma.htm#:~:text=A%20los%20seis%20a%C3%B1os%20qued%C3%B3,comerciante%20respetado%20en%20la%20ciudad.","comerciante%20respetado%20en%20la%20ciudad.",NA
128,"Biografía de Ismael https://www.Biografíasyvidas.com/Biografía/i/ismael.htm","https://www.Biografíasyvidas.com/Biografía/i/ismael.htm",NA
132,"Definicion de Panteísmo https://encyclopaedia.herdereditorial.com/wiki/Pante%C3%ADsmo","https://encyclopaedia.herdereditorial.com/wiki/Pante%C3%ADsmo",NA
141,"Introducción Veda http://vedicheritage.gov.in/introduction/","http://vedicheritage.gov.in/introduction/",NA
145,"La nueve creencias principales del Hinuduismo https://www.himalayanacademy.com/readlearn/basics/nine-beliefs ","https://www.himalayanacademy.com/readlearn/basics/nine-beliefs",404
147,"Cuatro factores del Hinduismo https://www.himalayanacademy.com/readlearn/basics/four-facts","https://www.himalayanacademy.com/readlearn/basics/four-facts",404
148,"The origins of Buddhism https://asiasociety.org/education/origins-buddhism","https://asiasociety.org/education/origins-buddhism",403
151,"Buddhism, Scripts and texts https://www.thebuddhistsociety.org/page/scriptures-texts","https://www.thebuddhistsociety.org/page/scriptures-texts",405
152,"El Confusionismo enseña una verdad desde el equilibrio de dos energías contrarias pero complementarias,  el yin y el yang ( ej. El calor y el frio, femenino y masculino, etc) y el Taoísmo rechaza el conocimiento racional y apuesta por la sabiduría intuitiva y la espontaneidad de acuerdo a la naturaleza de cada uno y al entorno de la naturaleza que le rodea. https://universoyrealidad.com/2017/08/11/confucionismo-y-taoismo/","https://universoyrealidad.com/2017/08/11/confucionismo-y-taoismo/",NA
182,"Suma Teológica, Parte 1a, cuestión 83, sobre el libre albedrío, Santo Tomás de Aquino,  HYPERLINK ""https://hjg.com.ar/sumat/a/c83.html"" \l ""a1""https://hjg.com.ar/sumat/a/c83.html#a1","https://hjg.com.ar/sumat/a/c83.html""",404
183,"Células nerviosas que ejecutan respuestas ante estímulos que reciben. https://wCw.plantbehavior.org/about-us/","https://wCw.plantbehavior.org/about-us/",404
198,"Biografía de Anselm Grun https://gcloyola.com/1000-anselm-gruen-osb","https://gcloyola.com/1000-anselm-gruen-osb",404
328,"Trends in global inequality – a comprehensive approach – united nations university https://www.wider.unu.edu/publication/trends-global-inequality-%E2%80%93-comprehensive-approach","https://www.wider.unu.edu/publication/trends-global-inequality-%E2%80%93-comprehensive-approach",403
338,"Las hermanas misioneras de la caridad https://www.motherteresa.org/espanol/active-sisters.html","https://www.motherteresa.org/espanol/active-sisters.html",404
339,"“Madre Teresa de Calcuta: Para mi es un deber luchar por por la santidad como lo es para todos los Cristianos.”, Entrevista Lima, 1989. https://www.abc.es/sociedad/abci-madre-teresa-calcuta-para-deber-luchar-santidad-como-para-todos-Cristianos-201609020125_noticia.html","https://www.abc.es/sociedad/abci-madre-teresa-calcuta-para-deber-luchar-santidad-como-para-todos-Cristianos-201609020125_noticia.html",404
345,"25 millones de personas experimentan un estado de esclavitud, aproximadamente 3 por mil habitantes. La trata de seres humanos, la servidumbre por deudas y el trabajo doméstico forzoso son sólo algunos ejemplos de formas de esclavitud.  HYPERLINK ""https://50forfreedom.org/es/esclavitud-moderna/"" \l "":~:text=MITO%3A Son relativamente pocas las,1.000 personas en el mundo.""https://50forfreedom.org/es/esclavitud-moderna/#:~:text=MITO%3A%20Son%20relativamente%20pocas%20las,1.000%20personas%20en%20el%20mundo. ","https://50forfreedom.org/es/esclavitud-moderna/""",NA
345,"25 millones de personas experimentan un estado de esclavitud, aproximadamente 3 por mil habitantes. La trata de seres humanos, la servidumbre por deudas y el trabajo doméstico forzoso son sólo algunos ejemplos de formas de esclavitud.  HYPERLINK ""https://50forfreedom.org/es/esclavitud-moderna/"" \l "":~:text=MITO%3A Son relativamente pocas las,1.000 personas en el mundo.""https://50forfreedom.org/es/esclavitud-moderna/#:~:text=MITO%3A%20Son%20relativamente%20pocas%20las,1.000%20personas%20en%20el%20mundo. ","https://50forfreedom.org/es/esclavitud-moderna/#:~:text=MITO%3A%20Son%20relativamente%20pocas%20las",NA
345,"25 millones de personas experimentan un estado de esclavitud, aproximadamente 3 por mil habitantes. La trata de seres humanos, la servidumbre por deudas y el trabajo doméstico forzoso son sólo algunos ejemplos de formas de esclavitud.  HYPERLINK ""https://50forfreedom.org/es/esclavitud-moderna/"" \l "":~:text=MITO%3A Son relativamente pocas las,1.000 personas en el mundo.""https://50forfreedom.org/es/esclavitud-moderna/#:~:text=MITO%3A%20Son%20relativamente%20pocas%20las,1.000%20personas%20en%20el%20mundo. ","1.000%20personas%20en%20el%20mundo.",NA
346,"Cifras que superan los 200 millones de habitantes. Perspectivas sociales y del empleo en el mundo https://www.ilo.org/global/research/global-reports/weso/trends2021/lang--es/index.htm","https://www.ilo.org/global/research/global-reports/weso/trends2021/lang--es/index.htm",404
349,"Se estima que en el 2030 habrán 9,700 millones de habitantes y en el 2100 será 11,000 millones. Crecimiento de la población mundial.  HYPERLINK ""https://www.un.org/es/global-issues/population"" \l "":~:text=Se espera que la población,de 11.000 millones para 2100.""https://www.un.org/es/global-issues/population#:~:text=Se%20espera%20que%20la%20poblaci%C3%B3n,de%2011.000%20millones%20para%202100.","https://www.un.org/es/global-issues/population""",403
349,"Se estima que en el 2030 habrán 9,700 millones de habitantes y en el 2100 será 11,000 millones. Crecimiento de la población mundial.  HYPERLINK ""https://www.un.org/es/global-issues/population"" \l "":~:text=Se espera que la población,de 11.000 millones para 2100.""https://www.un.org/es/global-issues/population#:~:text=Se%20espera%20que%20la%20poblaci%C3%B3n,de%2011.000%20millones%20para%202100.","https://www.un.org/es/global-issues/population#:~:text=Se%20espera%20que%20la%20poblaci%C3%B3n",403
349,"Se estima que en el 2030 habrán 9,700 millones de habitantes y en el 2100 será 11,000 millones. Crecimiento de la población mundial.  HYPERLINK ""https://www.un.org/es/global-issues/population"" \l "":~:text=Se espera que la población,de 11.000 millones para 2100.""https://www.un.org/es/global-issues/population#:~:text=Se%20espera%20que%20la%20poblaci%C3%B3n,de%2011.000%20millones%20para%202100.","de%2011.000%20millones%20para%202100.",NA
351,"Constitución pastoral, Gaudium et spes, sobre la iglesia en el mundo actual, No. 78 https://www.vatican.va/archive/hist_councils/ii_vatican_council/documents/vat-ii_const_19651207_gaudium-et-spes_sp.html","https://www.vatican.va/archive/hist_councils/ii_vatican_council/documents/vat-ii_const_19651207_gaudium-et-spes_sp.html",404
379,"Biografía San Francisco de Asís: https://www.Biografíasyvidas.com/Biografía/f/francisco_asis.htm","https://www.Biografíasyvidas.com/Biografía/f/francisco_asis.htm",NA
380,"Chennai se queda sin agua 2,019: https://www.nytimes.com/es/2019/06/26/espanol/escasez-agua-india.html","https://www.nytimes.com/es/2019/06/26/espanol/escasez-agua-india.html",403
381,"La crisis del agua pronto afectará a un cuarto de la población mundial: https://www.nytimes.com/es/interactive/2019/espanol/ciencia-y-tecnologia/crisis-del-agua.html","https://www.nytimes.com/es/interactive/2019/espanol/ciencia-y-tecnologia/crisis-del-agua.html",403
399,"Our World in Data, Datos desde el año 2000; la tasa de suicidio por 100 mil habitantes varía entre menos de 10 a más de 15 personas en algunos países.  HYPERLINK ""https://ourworldindata.org/suicide"" \l ""suicide-is-a-leading-cause-of-death-especially-in-young-people""https://ourworldindata.org/suicide#suicide-is-a-leading-cause-of-death-especially-in-young-people","https://ourworldindata.org/suicide""",404
406,"Marthe Robin, una gran mística Francesa  HYPERLINK ""https://www.martherobin.com/es/sa-vie/une-grande-mystique-francaise/"" \l "":~:text=Marta Robin experimenta el poder,¡Es como una resurrección! »""https://www.martherobin.com/es/sa-vie/une-grande-mystique-francaise/#:~:text=Marta%20Robin%20experimenta%20el%20poder,¡Es%20como%20una%20resurrección!%20»","¡Es%20como%20una%20resurrección!%20»",NA
427,"Summa Teológica, Santo Tomás de Aquino,  I – IIae, C57  HYPERLINK ""https://hjg.com.ar/sumat/b/c57.html"" \l ""a2""https://hjg.com.ar/sumat/b/c57.html#a2","https://hjg.com.ar/sumat/b/c57.html""",404
441,"Homero , el gran poeta Griego del siglo VIII A.C., es al autor de La Iliada y La Odisea, las primeras obras literarias de occidente, en ellas se hace referencia a numerosos Dioses como Zeus, Dios del Trueno y del cielo. https://www.Biografíasyvidas.com/Biografía/h/homero.htm","https://www.Biografíasyvidas.com/Biografía/h/homero.htm",NA
442,"Surya, el Dios Sol en países cuyas raices linguisticas surgen del sánscrito https://www.un.org/ungifts/es/content/surya-dios-del-sol","https://www.un.org/ungifts/es/content/surya-dios-del-sol",403
443,"Inti, Dios sol Inca https://diosesincas.info/inti/","https://diosesincas.info/inti/",NA
444,"Biografía tales de Mileto https://www.Biografíasyvidas.com/Biografía/t/tales.htm","https://www.Biografíasyvidas.com/Biografía/t/tales.htm",NA
448,"On the concept of “Energy” from a transcultural perspective, Daan F Oostveen, Ultrecht University, January 2020, pág 244 https://www.researchgate.net/publication/336670538_On_the_Concept_of_Energy_from_a_Transcultural_Perspective","https://www.researchgate.net/publication/336670538_On_the_Concept_of_Energy_from_a_Transcultural_Perspective",403
450,"Brahman the highest god of Hinduism https://www.hinduwebsite.com/brahmanmain.asp","https://www.hinduwebsite.com/brahmanmain.asp",403
451,"Biografía de Parménides https://www.Biografíasyvidas.com/Biografía/p/parmenides.htm","https://www.Biografíasyvidas.com/Biografía/p/parmenides.htm",NA
486,"Disociative Trance Disorder: Clinical and Research findings in ten persons reporting demon possesion and treated by exorcism. - Stefano Ferracuty, Roberto Sacco and Renato Lazzari, 1996 . https://www.tandfonline.com/doi/abs/10.1207/s15327752jpa6603_4","https://www.tandfonline.com/doi/abs/10.1207/s15327752jpa6603_4",403
507,"La intuición de las madres y la inteligencia del corazón https://saludmentalperinatal.es/2024/09/19/la-intuicion-de-las-madres-y-la-inteligencia-del-corazon/","https://saludmentalperinatal.es/2024/09/19/la-intuicion-de-las-madres-y-la-inteligencia-del-corazon/",404
520,"The Lourdes Medical Cures Revisited, By Bernard Francois-Former Emeritus Professor of Medicine, Université Claude Bernard, Lyon ,France. Ester M Sternberg- Section on Neuroendocrine Immunology and Behavior, National Institute of Mental Health, National Institutes of Health, Bethesda, Maryland.  Elizabeth Fee- National Library of Medicine, National Institutes of Health, Bethesda, Maryland. https://www.ncbi.nlm.nih.gov/pmc/articles/PMC3854941/","https://www.ncbi.nlm.nih.gov/pmc/articles/PMC3854941/",403
522,"C.M.I.L - https://www.amilourdes.com/es/homepage-es/","https://www.amilourdes.com/es/homepage-es/",404
523,"Lourdes: A uniquely Catholic approach to medicine, Travis Jon Dichoso,  https://www.ncbi.nlm.nih.gov/pmc/articles/PMC4313433/","https://www.ncbi.nlm.nih.gov/pmc/articles/PMC4313433/",403
531," Publicación en el NCBI “The miraculous cure of a sarcoma of the Pelvis: Cure of Vittorio Micheli at Lourdes.  Barbara A Neilan, Regional Hematology  Oncology, PA , USA https://www.ncbi.nlm.nih.gov/pmc/articles/PMC6027009/","https://www.ncbi.nlm.nih.gov/pmc/articles/PMC6027009/",403
532,"La antropología teológica (psicológica) reconoce tres estados en la revelación privada. La percepción, exterior, la percepción interior y la visión espiritual. En este caso , el entonces Cardenal Joseph Ratzinger hace la debida aclaración. https://www.ewtn.com/fatima/theology-and-commentary-on-the-message.asp","https://www.ewtn.com/fatima/theology-and-commentary-on-the-message.asp",404
551,"New York times, Oct 26 1982. What Golda Meir thougth of Pope Pius XII “'During the 10 years of Nazi terror, when our people went through the horrors of martyrdom, the Pope raised his voice to condemn the persecutors and commiserate with their victims.''  https://www.nytimes.com/1982/10/26/opinion/l-what-golda-meir-thought-of-pope-pius-xii-245767.html","https://www.nytimes.com/1982/10/26/opinion/l-what-golda-meir-thought-of-pope-pius-xii-245767.html",403
555,"Biografía de Angelo Guiuseppe Roncalli https://www.vatican.va/content/john-xxiii/es/biography/documents/hf_j-xxiii_bio_20190722_Biografía.html","https://www.vatican.va/content/john-xxiii/es/biography/documents/hf_j-xxiii_bio_20190722_Biografía.html",404
557,"Es una visión del socialismo que acude a la reforma social sin revolución, contiene sus raices en la escuela del Frances Charles Fourier (1772 - 1837) y su posterior fortalecimiento y divulgación por el Frances Victor Considerant (1808 – 1893) https://academic.uprm.edu/~mcancel/id173.htm","https://academic.uprm.edu/~mcancel/id173.htm",404
561,"Biografía de Giovanni Battista Enrico Antonio Maria Montini , Pablo VI https://www.vatican.va/content/paul-vi/es/Biografía/documents/hf_p-vi_spe_20190722_Biografía.html","https://www.vatican.va/content/paul-vi/es/Biografía/documents/hf_p-vi_spe_20190722_Biografía.html",404
565,"Papa, Podgorni en charlas de paz, iglesia en URRS , The Voice, Febrero 3 de 1967 https://thecatholicnewsarchive.org/?a=d&d=fcat19670203-01.1.28&e=-------en-20--1--txt-txIN--------","https://thecatholicnewsarchive.org/?a=d&d=fcat19670203-01.1.28&e=-------en-20--1--txt-txIN--------",403
570,"La guerra Fria, periodo en el que la aniquilación nuclear entre las superpotencias debido a una oposición ideológica fue una realidad https://www.nato.int/cps/en/natohq/declassified_135844.htm ","https://www.nato.int/cps/en/natohq/declassified_135844.htm",403
571,"El mensaje de Fátima https://www.vatican.va/roman_curia/congregations/cfaith/documents/rc_con_cfaith_doc_20000626_message-fatima_sp.html","https://www.vatican.va/roman_curia/congregations/cfaith/documents/rc_con_cfaith_doc_20000626_message-fatima_sp.html",404
573,"Biografía de Mijail Gorvachov https://www.Biografíasyvidas.com/Biografía/g/gorbachov.htm","https://www.Biografíasyvidas.com/Biografía/g/gorbachov.htm",NA
585,"Manual de sociologia de la familia, Pierpaolo Donati, RIS (Revista internacional de sociología No.35 – mayo-Agosto 2003)  https://revintsociologia.revistas.csic.es/index.php/revintsociologia/article/view/309/314","https://revintsociologia.revistas.csic.es/index.php/revintsociologia/article/view/309/314",NA
603,"Unknown years of Jesus  HYPERLINK ""https://en.wikipedia.org/wiki/Unknown_years_of_Jesus"" \l "":~:text=He spent six years in,at the age of 29.""https://en.wikipedia.org/wiki/Unknown_years_of_Jesus#:~:text=He%20spent%20six%20years%20in,at%20the%20age%20of%2029.","https://en.wikipedia.org/wiki/Unknown_years_of_Jesus""",404
603,"Unknown years of Jesus  HYPERLINK ""https://en.wikipedia.org/wiki/Unknown_years_of_Jesus"" \l "":~:text=He spent six years in,at the age of 29.""https://en.wikipedia.org/wiki/Unknown_years_of_Jesus#:~:text=He%20spent%20six%20years%20in,at%20the%20age%20of%2029.","at%20the%20age%20of%2029.",NA
605,"On the Process of Development in Ideas, Jhon Henry Newman,  HYPERLINK ""https://www.newmanreader.org/works/development/chapter1.html"" \l ""section1""https://www.newmanreader.org/works/development/chapter1.html#section1","https://www.newmanreader.org/works/development/chapter1.html""",404
607,"On the Kinds of Development in Ideas, Jhon Henry Newman   HYPERLINK ""https://www.newmanreader.org/works/development/chapter1.html"" \l ""section2""https://www.newmanreader.org/works/development/chapter1.html#section2","https://www.newmanreader.org/works/development/chapter1.html""",404
611," First Note of a Genuine Development—Preservation of Type  HYPERLINK ""https://www.newmanreader.org/works/development/chapter5.html"" \l ""section1""https://www.newmanreader.org/works/development/chapter5.html#section1","https://www.newmanreader.org/works/development/chapter5.html""",404
614,"El Dogmatismo es un pensamiento filosófico originario de la antigua Grecia ( siglo VI – VII AC), probablemente a partir de Tales de Mileto; se caracteriza por la defensa de que hay verdades absolutas; posición contraria al escepticismo, el cual está caracterizado por la duda constante.   HYPERLINK ""https://economipedia.com/definiciones/dogmatismo.html"" \l "":~:text=El dogmatismo es una doctrina,se opone frontalmente al escepticismo.""https://economipedia.com/definiciones/dogmatismo.html#:~:text=El%20dogmatismo%20es%20una%20doctrina,se%20opone%20frontalmente%20al%20escepticismo.","se%20opone%20frontalmente%20al%20escepticismo.",NA
620,"Third Note—Power of Assimilation  HYPERLINK ""https://www.newmanreader.org/works/development/chapter5.html"" \l ""section3""https://www.newmanreader.org/works/development/chapter5.html#section3","https://www.newmanreader.org/works/development/chapter5.html""",404
624,"Biografía San Jerónimo https://www.aciprensa.com/recursos/Biografía-3423","https://www.aciprensa.com/recursos/Biografía-3423",404
625,"Fourth Note: Anticipation of Its Future  HYPERLINK ""https://www.newmanreader.org/works/development/chapter5.html"" \l ""section5""https://www.newmanreader.org/works/development/chapter5.html#section5","https://www.newmanreader.org/works/development/chapter5.html""",404
626,"Fifth Note—Logical Sequence  HYPERLINK ""https://www.newmanreader.org/works/development/chapter5.html"" \l ""section4""https://www.newmanreader.org/works/development/chapter5.html#section4","https://www.newmanreader.org/works/development/chapter5.html""",404
627,"Sixth Note—Conservative Action upon Its Past  HYPERLINK ""https://www.newmanreader.org/works/development/chapter5.html"" \l ""section6""https://www.newmanreader.org/works/development/chapter5.html#section6","https://www.newmanreader.org/works/development/chapter5.html""",404
628,"Seventh Note—Chronic Vigour  HYPERLINK ""https://www.newmanreader.org/works/development/chapter5.html"" \l ""section7""https://www.newmanreader.org/works/development/chapter5.html#section7","https://www.newmanreader.org/works/development/chapter5.html""",404
632,"Historia de Israel: Cronología. https://embassies.gov.il/madrid/AboutIsrael/history/Pages/HISTORIA-Cronologia.aspx","https://embassies.gov.il/madrid/AboutIsrael/history/Pages/HISTORIA-Cronologia.aspx",403
662,"El concilio de Jerusalén y la controversia de Antioquía. https://ec.aciprensa.com/wiki/Pablo,_San_:_El_concilio_de_Jerusal%C3%A9n_y_la_controversia_de_Antioqu%C3%ADa","https://ec.aciprensa.com/wiki/Pablo",404
662,"El concilio de Jerusalén y la controversia de Antioquía. https://ec.aciprensa.com/wiki/Pablo,_San_:_El_concilio_de_Jerusal%C3%A9n_y_la_controversia_de_Antioqu%C3%ADa","_San_:_El_concilio_de_Jerusal%C3%A9n_y_la_controversia_de_Antioqu%C3%ADa",NA
678,"Biografía de San Ignacio de Antioquía https://www.Biografíasyvidas.com/Biografía/i/ignacio_san.htm","https://www.Biografíasyvidas.com/Biografía/i/ignacio_san.htm",NA
699,"Biografía de Santa helena https://www.aciprensa.com/recursos/Biografía-2937","https://www.aciprensa.com/recursos/Biografía-2937",404
707,"Historia de los Suevos https://caminandoporlahistoria.com/los-suevos/","https://caminandoporlahistoria.com/los-suevos/",NA
716,"Biografía emperador Zenon https://www.Biografíasyvidas.com/Biografía/z/zenon_emperador.htm ","https://www.Biografíasyvidas.com/Biografía/z/zenon_emperador.htm",NA
720,"Biografía Santa Mónica https://www.aciprensa.com/recursos/Biografía-3150 ","https://www.aciprensa.com/recursos/Biografía-3150",404
743,"Tratado de Verdum  HYPERLINK ""https://enciclopediadehistoria.com/tratado-de-verdun/"" \l "":~:text=El objetivo de este consistía,modo%2C se concretó su disolución.""https://enciclopediadehistoria.com/tratado-de-verdun/#:~:text=El%20objetivo%20de%20este%20consist%C3%ADa,modo%2C%20se%20concret%C3%B3%20su%20disoluci%C3%B3n.","modo%2C%20se%20concret%C3%B3%20su%20disoluci%C3%B3n.",NA
745,"Historia de los Vikingos https://barcovikingo.com/historia-vikingos/","https://barcovikingo.com/historia-vikingos/",403
752,"Biografía Miguel III https://www.mcnBiografías.com/app-bio/do/show?key=miguel-iii-emperador-de-Bizancio","https://www.mcnBiografías.com/app-bio/do/show?key=miguel-iii-emperador-de-Bizancio",NA
766,"Cluny – Jerusalen celestial encarnada:  Revista Mediaevalia. Textos y Estudios 21  ( 2002 ), p. 115-137 (ISSN 0872-0991).Publicación de la Oficina de Filosofía Medieval de la Facultad de Letras de la Universidad de Oporto y de la Facultad de Teología de la Universidad Católica Portuguesa. https://www.ricardocosta.com/artigo/cluny-Jerusalén-celeste-encarnada-seculos-x-xii","https://www.ricardocosta.com/artigo/cluny-Jerusalén-celeste-encarnada-seculos-x-xii",400
774,"Biografía de John Locke https://www.Biografíasyvidas.com/Biografía/l/locke.htm","https://www.Biografíasyvidas.com/Biografía/l/locke.htm",NA
782,"Selyúcidas o Selyuquíes https://www.Biografíasyvidas.com/Biografía/s/selyucidas.htm","https://www.Biografíasyvidas.com/Biografía/s/selyucidas.htm",NA
791,"El siete de abril marca el inicio del genocidio de 1994 https://www.un.org/es/preventgenocide/rwanda/","https://www.un.org/es/preventgenocide/rwanda/",403
792,"Biografía de Saladino https://www.Biografíasyvidas.com/Biografía/s/saladino.htm","https://www.Biografíasyvidas.com/Biografía/s/saladino.htm",NA
798,"La orden de Malta https://www.orderofmalta.int/es/la-orden-de-malta/los-caballeros-de-malta/","https://www.orderofmalta.int/es/la-orden-de-malta/los-caballeros-de-malta/",403
799,"Ordenes de caballería de Santiago, calatrava, alcántara y montesa https://www.ordenesmilitares.es/orden-de-santiago/","https://www.ordenesmilitares.es/orden-de-santiago/",404
804,"Fundada por San Pedro Nolasco inspirado por la Virgen María y respondiendo a las necesidades de la iglesia http://www.ordenmerced.org/index.php/es/la-merced/origen","http://www.ordenmerced.org/index.php/es/la-merced/origen",404
805,"La orden de San Agustin, convocada por el Papa Inocencio IV a las comunidades de los Eremitas, herederos de la regla y espíritu de San Agustín desde el siglo V.  https://www.agustinos.es/orden-san-agustin/historia-agustinos","https://www.agustinos.es/orden-san-agustin/historia-agustinos",404
816,"Biografía de Moshéh ben Maimón – Maimónides https://www.Biografíasyvidas.com/Biografía/m/maimonides.htm ","https://www.Biografíasyvidas.com/Biografía/m/maimonides.htm",NA
822,"Biografía de Bonifacio III  HYPERLINK ""https://www.biografiasyvidas.com/biografia/b/bonifacio_viii.htm"" \l "":~:text=(Benedetto Gaetani%3B Anagni%2C h,el pontificado de Celestino V.""https://www.Biografíasyvidas.com/Biografía/b/bonifacio_viii.htm#:~:text=(Benedetto%20Gaetani%3B%20Anagni%2C%20h,el%20pontificado%20de%20Celestino%20V.","https://www.Biografíasyvidas.com/Biografía/b/bonifacio_viii.htm#:~:text=(Benedetto%20Gaetani%3B%20Anagni%2C%20h",NA
822,"Biografía de Bonifacio III  HYPERLINK ""https://www.biografiasyvidas.com/biografia/b/bonifacio_viii.htm"" \l "":~:text=(Benedetto Gaetani%3B Anagni%2C h,el pontificado de Celestino V.""https://www.Biografíasyvidas.com/Biografía/b/bonifacio_viii.htm#:~:text=(Benedetto%20Gaetani%3B%20Anagni%2C%20h,el%20pontificado%20de%20Celestino%20V.","el%20pontificado%20de%20Celestino%20V.",NA
826,"Biografía de Luis IV de Baviera https://en-m-wikipedia-org.translate.goog/wiki/Louis_IV,_Holy_Roman_Emperor?_x_tr_sl=en&_x_tr_tl=es&_x_tr_hl=es&_x_tr_pto=tc","https://en-m-wikipedia-org.translate.goog/wiki/Louis_IV",400
826,"Biografía de Luis IV de Baviera https://en-m-wikipedia-org.translate.goog/wiki/Louis_IV,_Holy_Roman_Emperor?_x_tr_sl=en&_x_tr_tl=es&_x_tr_hl=es&_x_tr_pto=tc","_Holy_Roman_Emperor?_x_tr_sl=en&_x_tr_tl=es&_x_tr_hl=es&_x_tr_pto=tc",NA
832,"Biografía de Martín V (Roma 1368, Roma 1431) https://ec.aciprensa.com/wiki/Mart%C3%ADn_V,_Papa","https://ec.aciprensa.com/wiki/Mart%C3%ADn_V",404
832,"Biografía de Martín V (Roma 1368, Roma 1431) https://ec.aciprensa.com/wiki/Mart%C3%ADn_V,_Papa","_Papa",NA
846,"Orígenes de la Inquisición https://gecoas.com/religion/Trabajos/inquisicion/origenes01.htm","https://gecoas.com/religion/Trabajos/inquisicion/origenes01.htm",404
885,"Martín Lutero: Carta sobre el arte de traducir (1530) sobre la traducción, la hermenéutica Bíblica y la opción dogmática de la reforma, Pilar Bena-Búa, departamento de humanidades y filosofía universidad Loyola , Andalucía.  HYPERLINK ""https://www.scielo.cl/scielo.php?pid=S0049-34492021000300323&script=sci_arttext"" \l ""fn8""https://www.scielo.cl/scielo.php?pid=S0049-34492021000300323&script=sci_arttext#fn8","https://www.scielo.cl/scielo.php?pid=S0049-34492021000300323&script=sci_arttext""",403
885,"Martín Lutero: Carta sobre el arte de traducir (1530) sobre la traducción, la hermenéutica Bíblica y la opción dogmática de la reforma, Pilar Bena-Búa, departamento de humanidades y filosofía universidad Loyola , Andalucía.  HYPERLINK ""https://www.scielo.cl/scielo.php?pid=S0049-34492021000300323&script=sci_arttext"" \l ""fn8""https://www.scielo.cl/scielo.php?pid=S0049-34492021000300323&script=sci_arttext#fn8","https://www.scielo.cl/scielo.php?pid=S0049-34492021000300323&script=sci_arttext#fn8",403
895,"Biografia de Federico V – rey dehttps://www.mcnbiografias.com/app-bio/do/show?key=federico-v-rey-de-bohemia","https://www.mcnbiografias.com/app-bio/do/show?key=federico-v-rey-de-bohemia",403
915,"Luther Vol 6 of 6, Hartmann Grisar, Mayo 30 2017, pág 366  HYPERLINK ""https://www.gutenberg.org/files/54811/54811-h/54811-h.htm"" \l ""FNanchor_1375""https://www.gutenberg.org/files/54811/54811-h/54811-h.htm#FNanchor_1375, página 366","https://www.gutenberg.org/files/54811/54811-h/54811-h.htm""",404
915,"Luther Vol 6 of 6, Hartmann Grisar, Mayo 30 2017, pág 366  HYPERLINK ""https://www.gutenberg.org/files/54811/54811-h/54811-h.htm"" \l ""FNanchor_1375""https://www.gutenberg.org/files/54811/54811-h/54811-h.htm#FNanchor_1375, página 366","",NA
956,"Convento de San José de Ávila https://declausura.org/monasterio/convento-de-san-jose-avila-avila-2","https://declausura.org/monasterio/convento-de-san-jose-avila-avila-2",404
985,"Catholics and Protestants https://www.parliament.uk/about/living-heritage/evolutionofparliament/parliamentaryauthority/revolution/overview/catholicsprotestants/","https://www.parliament.uk/about/living-heritage/evolutionofparliament/parliamentaryauthority/revolution/overview/catholicsprotestants/",403
986,"Anglican Communion https://www.anglicancommunion.org/structures/member-churches/member-church.aspx?church=england","https://www.anglicancommunion.org/structures/member-churches/member-church.aspx?church=england",403
988,"John Locke y Pierre Bayle: sobre la libertad de conciencia, Fernando Bahr, 2004 http://www.scielo.org.ar/scielo.php?script=sci_arttext&pid=S1666-485X2004000100002","http://www.scielo.org.ar/scielo.php?script=sci_arttext&pid=S1666-485X2004000100002",404
1006,"Giordano Bruno https://ec.aciprensa.com/wiki/Bruno,_Giordano","https://ec.aciprensa.com/wiki/Bruno",404
1006,"Giordano Bruno https://ec.aciprensa.com/wiki/Bruno,_Giordano","_Giordano",NA
1011,"Newto religious writings https://www.newtonproject.ox.ac.uk/texts/newtons-works/religious","https://www.newtonproject.ox.ac.uk/texts/newtons-works/religious",NA
1017," Ideas y párrafo resúmen de investigación: “La libertad de conciencia y de religión en la ilustración Francesa, el modelo de Voltaire y la Encyclopédie”, Julio Alvear Téllez, 2011 Universidad del Desarrollo, Santiago de Chile.  https://www.scielo.cl/scielo.php?script=sci_arttext&pid=S0716-54552011000100007","https://www.scielo.cl/scielo.php?script=sci_arttext&pid=S0716-54552011000100007",403
1021,"Ideas y resumen tomados de “Rousseau: religión política o instrumentalización política de la religión”, Bogotá, Junio 2010, Iván Garzón Vallejo  HYPERLINK ""http://www.scielo.org.co/scielo.php?script=sci_arttext&pid=S0121-86972010000100009"" \l "":~:text=Rousseau concibe la necesidad de,del ciudadano cumplen satisfactoriamente este""http://www.scielo.org.co/scielo.php?script=sci_arttext&pid=S0121-86972010000100009#:~:text=Rousseau%20concibe%20la%20necesidad%20de,del%20ciudadano%20cumplen%20satisfactoriamente%20este","http://www.scielo.org.co/scielo.php?script=sci_arttext&pid=S0121-86972010000100009""",NA
1021,"Ideas y resumen tomados de “Rousseau: religión política o instrumentalización política de la religión”, Bogotá, Junio 2010, Iván Garzón Vallejo  HYPERLINK ""http://www.scielo.org.co/scielo.php?script=sci_arttext&pid=S0121-86972010000100009"" \l "":~:text=Rousseau concibe la necesidad de,del ciudadano cumplen satisfactoriamente este""http://www.scielo.org.co/scielo.php?script=sci_arttext&pid=S0121-86972010000100009#:~:text=Rousseau%20concibe%20la%20necesidad%20de,del%20ciudadano%20cumplen%20satisfactoriamente%20este","del%20ciudadano%20cumplen%20satisfactoriamente%20este",NA
1035,"Etapa imperial de la revolución Francesa https://mihistoriauniversal.com/edad-contemporanea/etapa-imperial-revolucion-francesa","https://mihistoriauniversal.com/edad-contemporanea/etapa-imperial-revolucion-francesa",520
1047,"Fe Cristiana y Masonería son irreconciliables, Congregación para la doctrina de la Fe, Vaticano; sobre la encíclica Humanum Genus de León XXIII del 20 de Abril de 1884. https://www.vatican.va/roman_curia/congregations/cfaith/documents/rc_con_cfaith_doc_19850223_declaration-masonic_articolo_sp.html  ","https://www.vatican.va/roman_curia/congregations/cfaith/documents/rc_con_cfaith_doc_19850223_declaration-masonic_articolo_sp.html",404
1051,"¿Quienes somos los Pasionistas ? https://www.lsg.cl/lsgsite/quienes-somos-los-pasionistas/","https://www.lsg.cl/lsgsite/quienes-somos-los-pasionistas/",NA
1059," The root of Haiti’s Misery: reparations to enslavers. https://www.nytimes.com/2022/05/20/world/americas/haiti-history-colonized-france.html","https://www.nytimes.com/2022/05/20/world/americas/haiti-history-colonized-france.html",403
1060,"The theory of moral sentimens , Adam smith https://www.adamsmith.org/the-theory-of-moral-sentiments","https://www.adamsmith.org/the-theory-of-moral-sentiments",404
1069,"El concepto de Dios en algunos textos del Joven Hegel   HYPERLINK ""https://www.scielo.org.mx/scielo.php?script=sci_arttext&pid=S0188-77422013000100007"" \l "":~:text=Hegel habla por primera vez,o bien no lo está"".&text=El individuo que está en,la conciencia busca lo absoluto""https://www.scielo.org.mx/scielo.php?script=sci_arttext&pid=S0188-77422013000100007#:~:text=Hegel%20habla%20por%20primera%20vez,o%20bien%20no%20lo%20est%C3%A1%22.&text=El%20individuo%20que%20est%C3%A1%20en,la%20conciencia%20busca%20lo%20absoluto HYPERLINK ""https://www.scielo.org.mx/scielo.php?script=sci_arttext&pid=S0188-77422013000100007"" \l "":~:text=Hegel habla por primera vez,o bien no lo está"".&text=El individuo que está en,la conciencia busca lo absoluto."". ","https://www.scielo.org.mx/scielo.php?script=sci_arttext&pid=S0188-77422013000100007""",NA
1069,"El concepto de Dios en algunos textos del Joven Hegel   HYPERLINK ""https://www.scielo.org.mx/scielo.php?script=sci_arttext&pid=S0188-77422013000100007"" \l "":~:text=Hegel habla por primera vez,o bien no lo está"".&text=El individuo que está en,la conciencia busca lo absoluto""https://www.scielo.org.mx/scielo.php?script=sci_arttext&pid=S0188-77422013000100007#:~:text=Hegel%20habla%20por%20primera%20vez,o%20bien%20no%20lo%20est%C3%A1%22.&text=El%20individuo%20que%20est%C3%A1%20en,la%20conciencia%20busca%20lo%20absoluto HYPERLINK ""https://www.scielo.org.mx/scielo.php?script=sci_arttext&pid=S0188-77422013000100007"" \l "":~:text=Hegel habla por primera vez,o bien no lo está"".&text=El individuo que está en,la conciencia busca lo absoluto."". ","o%20bien%20no%20lo%20est%C3%A1%22.&text=El%20individuo%20que%20est%C3%A1%20en",NA
1069,"El concepto de Dios en algunos textos del Joven Hegel   HYPERLINK ""https://www.scielo.org.mx/scielo.php?script=sci_arttext&pid=S0188-77422013000100007"" \l "":~:text=Hegel habla por primera vez,o bien no lo está"".&text=El individuo que está en,la conciencia busca lo absoluto""https://www.scielo.org.mx/scielo.php?script=sci_arttext&pid=S0188-77422013000100007#:~:text=Hegel%20habla%20por%20primera%20vez,o%20bien%20no%20lo%20est%C3%A1%22.&text=El%20individuo%20que%20est%C3%A1%20en,la%20conciencia%20busca%20lo%20absoluto HYPERLINK ""https://www.scielo.org.mx/scielo.php?script=sci_arttext&pid=S0188-77422013000100007"" \l "":~:text=Hegel habla por primera vez,o bien no lo está"".&text=El individuo que está en,la conciencia busca lo absoluto."". ","la%20conciencia%20busca%20lo%20absoluto",NA
1069,"El concepto de Dios en algunos textos del Joven Hegel   HYPERLINK ""https://www.scielo.org.mx/scielo.php?script=sci_arttext&pid=S0188-77422013000100007"" \l "":~:text=Hegel habla por primera vez,o bien no lo está"".&text=El individuo que está en,la conciencia busca lo absoluto""https://www.scielo.org.mx/scielo.php?script=sci_arttext&pid=S0188-77422013000100007#:~:text=Hegel%20habla%20por%20primera%20vez,o%20bien%20no%20lo%20est%C3%A1%22.&text=El%20individuo%20que%20est%C3%A1%20en,la%20conciencia%20busca%20lo%20absoluto HYPERLINK ""https://www.scielo.org.mx/scielo.php?script=sci_arttext&pid=S0188-77422013000100007"" \l "":~:text=Hegel habla por primera vez,o bien no lo está"".&text=El individuo que está en,la conciencia busca lo absoluto."". ","https://www.scielo.org.mx/scielo.php?script=sci_arttext&pid=S0188-77422013000100007""",NA
1074,"Cita de Nietzsche sobre el cuerpo y el alma https://encyclopaedia.herdereditorial.com/wiki/Recurso:Cita_de_Nietzsche_sobre_el_cuerpo_y_el_alma","https://encyclopaedia.herdereditorial.com/wiki/Recurso:Cita_de_Nietzsche_sobre_el_cuerpo_y_el_alma",NA
1076,"El pensamiento de Frederick Nietzsche  HYPERLINK ""https://www.filosofia.net/materiales/filosofos/nietzsche/pensa.htm"" \l ""6""https://www.filosofia.net/materiales/filosofos/nietzsche/pensa.htm#6","https://www.filosofia.net/materiales/filosofos/nietzsche/pensa.htm""",404
1078,"Nietzsche: el superhombre https://encyclopaedia.herdereditorial.com/wiki/Recurso:Nietzsche:_el_superhombre#","https://encyclopaedia.herdereditorial.com/wiki/Recurso:Nietzsche:_el_superhombre#",NA
1080,"Amor fati: el ideal de los estoicos y Friedrick Nietzsche https://elestoico.com/amor-fati-friedrich-nietzsche/","https://elestoico.com/amor-fati-friedrich-nietzsche/",403
1081,"Principales filósofos de occidente y su relación https://merlinccc.org/wp-content/uploads/2014/06/History-of-Philosophy.png","https://merlinccc.org/wp-content/uploads/2014/06/History-of-Philosophy.png",404
1099,"Hermanos Maristas https://champagnat.org/es/","https://champagnat.org/es/",403
1104,"Biografía Papa Liberio  HYPERLINK ""https://ec.aciprensa.com/wiki/Papa_Liberio"" \l ""Juicios_Modernos_sobre_el_Papa_Liberio""https://ec.aciprensa.com/wiki/Papa_Liberio#Juicios_Modernos_sobre_el_Papa_Liberio","https://ec.aciprensa.com/wiki/Papa_Liberio""",404
1118,"Revolución Mexicana https://edomex.gob.mx/revolucion_mexicana_2021","https://edomex.gob.mx/revolucion_mexicana_2021",NA
1144," Constitución pastoral, Gaudium et spes, sobre la Iglesia en el mundo actual, No. 5 https://www.vatican.va/archive/hist_councils/ii_vatican_council/documents/vat-ii_const_19651207_gaudium-et-spes_sp.html","https://www.vatican.va/archive/hist_councils/ii_vatican_council/documents/vat-ii_const_19651207_gaudium-et-spes_sp.html",404
1145,"Constitución pastoral, Gaudium et spes, sobre la Iglesia en el mundo actual, No. 6 https://www.vatican.va/archive/hist_councils/ii_vatican_council/documents/vat-ii_const_19651207_gaudium-et-spes_sp.html","https://www.vatican.va/archive/hist_councils/ii_vatican_council/documents/vat-ii_const_19651207_gaudium-et-spes_sp.html",404
1149,"Constitución pastoral, Gaudium et spes, sobre la Iglesia en el mundo actual, No. 7 https://www.vatican.va/archive/hist_councils/ii_vatican_council/documents/vat-ii_const_19651207_gaudium-et-spes_sp.html","https://www.vatican.va/archive/hist_councils/ii_vatican_council/documents/vat-ii_const_19651207_gaudium-et-spes_sp.html",404
1153," Soren Kierkegaard  HYPERLINK ""https://www.philosophica.info/voces/kierkegaard/Kierkegaard.html"" \l ""toc12""https://www.philosophica.info/voces/kierkegaard/Kierkegaard.html#toc12","https://www.philosophica.info/voces/kierkegaard/Kierkegaard.html""",404
1154," Books that rocked my world: Kierkegaard’s “Papers & Journals”, Mattew Becklo, May 2022 https://www.wordonfire.org/articles/books-that-rocked-my-world-kierkegaards-papers-and-journals/","https://www.wordonfire.org/articles/books-that-rocked-my-world-kierkegaards-papers-and-journals/",403
1156," Tomado de clase virtual sobre Heidegger de Darío Sztanjnszrajber, licenciado en filosofía (https://www.flacso.org.ar/docentes/sztajnszrajber-dario/) y comentarios sobre Heidegger de Gustavo Fangeibaum, Doctor en filosofia (https://www.gusfai.com/bio)","https://www.gusfai.com/bio)",404
1163,"Cibernética es la ciencia de los sistemas de control y retroalimentación, soportados o impulsados por la computación, particularmente en su relación con los seres vivos y el ser humano  HYPERLINK ""https://ingenieria.lasalle.mx/el-concepto-de-cibernetica-en-el-mundo-actual/"" \l "":~:text=La Cibernética es la ciencia,vivos y el ser humano.""https://ingenieria.lasalle.mx/el-concepto-de-cibernetica-en-el-mundo-actual/#:~:text=La%20Cibernética%20es%20la%20ciencia,vivos%20y%20el%20ser%20humano.","https://ingenieria.lasalle.mx/el-concepto-de-cibernetica-en-el-mundo-actual/""",404
1163,"Cibernética es la ciencia de los sistemas de control y retroalimentación, soportados o impulsados por la computación, particularmente en su relación con los seres vivos y el ser humano  HYPERLINK ""https://ingenieria.lasalle.mx/el-concepto-de-cibernetica-en-el-mundo-actual/"" \l "":~:text=La Cibernética es la ciencia,vivos y el ser humano.""https://ingenieria.lasalle.mx/el-concepto-de-cibernetica-en-el-mundo-actual/#:~:text=La%20Cibernética%20es%20la%20ciencia,vivos%20y%20el%20ser%20humano.","https://ingenieria.lasalle.mx/el-concepto-de-cibernetica-en-el-mundo-actual/#:~:text=La%20Cibernética%20es%20la%20ciencia",404
1163,"Cibernética es la ciencia de los sistemas de control y retroalimentación, soportados o impulsados por la computación, particularmente en su relación con los seres vivos y el ser humano  HYPERLINK ""https://ingenieria.lasalle.mx/el-concepto-de-cibernetica-en-el-mundo-actual/"" \l "":~:text=La Cibernética es la ciencia,vivos y el ser humano.""https://ingenieria.lasalle.mx/el-concepto-de-cibernetica-en-el-mundo-actual/#:~:text=La%20Cibernética%20es%20la%20ciencia,vivos%20y%20el%20ser%20humano.","vivos%20y%20el%20ser%20humano.",NA
1170," Giovanni Vattimo: “El filósofo de lo débil y de lo fuerte”  HYPERLINK ""https://es.linkedin.com/pulse/gianni-vattimo-el-filósofo-de-lo-débil-y-fuerte-castro-guerra"" \l "":~:text=El pensamiento fuerte quería basar,de interpretaciones históricas y culturales.""https://es.linkedin.com/pulse/gianni-vattimo-el-filósofo-de-lo-débil-y-fuerte-castro-guerra#:~:text=El%20pensamiento%20fuerte%20quería%20basar,de%20interpretaciones%20históricas%20y%20culturales.","de%20interpretaciones%20históricas%20y%20culturales.",NA
1175," Constitución pastoral, Gaudium et spes, sobre la Iglesia en el mundo actual, No. 8 https://www.vatican.va/archive/hist_councils/ii_vatican_council/documents/vat-ii_const_19651207_gaudium-et-spes_sp.html","https://www.vatican.va/archive/hist_councils/ii_vatican_council/documents/vat-ii_const_19651207_gaudium-et-spes_sp.html",404
1176,"Constitución pastoral, Gaudium et spes, sobre la Iglesia en el mundo actual, No. 9 https://www.vatican.va/archive/hist_councils/ii_vatican_council/documents/vat-ii_const_19651207_gaudium-et-spes_sp.html","https://www.vatican.va/archive/hist_councils/ii_vatican_council/documents/vat-ii_const_19651207_gaudium-et-spes_sp.html",404
1177,"Constitución pastoral, Gaudium et spes, sobre la Iglesia en el mundo actual, No. 10 https://www.vatican.va/archive/hist_councils/ii_vatican_council/documents/vat-ii_const_19651207_gaudium-et-spes_sp.html","https://www.vatican.va/archive/hist_councils/ii_vatican_council/documents/vat-ii_const_19651207_gaudium-et-spes_sp.html",404
1178,"Constitución pastoral, Gaudium et spes, sobre la Iglesia en el mundo actual, No. 12-16 https://www.vatican.va/archive/hist_councils/ii_vatican_council/documents/vat-ii_const_19651207_gaudium-et-spes_sp.html","https://www.vatican.va/archive/hist_councils/ii_vatican_council/documents/vat-ii_const_19651207_gaudium-et-spes_sp.html",404
1179,"Constitución pastoral, Gaudium et spes, sobre la Iglesia en el mundo actual, No. 53 al 63 https://www.vatican.va/archive/hist_councils/ii_vatican_council/documents/vat-ii_const_19651207_gaudium-et-spes_sp.html","https://www.vatican.va/archive/hist_councils/ii_vatican_council/documents/vat-ii_const_19651207_gaudium-et-spes_sp.html",404
1181,"Constitución pastoral, Gaudium et spes, sobre la Iglesia en el mundo actual, No. 63-66 https://www.vatican.va/archive/hist_councils/ii_vatican_council/documents/vat-ii_const_19651207_gaudium-et-spes_sp.html","https://www.vatican.va/archive/hist_councils/ii_vatican_council/documents/vat-ii_const_19651207_gaudium-et-spes_sp.html",404
1182,"Constitución pastoral, Gaudium et spes, sobre la Iglesia en el mundo actual, No. 73-76 https://www.vatican.va/archive/hist_councils/ii_vatican_council/documents/vat-ii_const_19651207_gaudium-et-spes_sp.html","https://www.vatican.va/archive/hist_councils/ii_vatican_council/documents/vat-ii_const_19651207_gaudium-et-spes_sp.html",404
1183," Doctrina social de la Iglesia, de la Rerum Novarum hasta nuestros días No. 89-103  HYPERLINK ""https://www.vatican.va/roman_curia/pontifical_councils/justpeace/documents/rc_pc_justpeace_doc_20060526_compendio-dott-soc_sp.html"" \l ""De la « Rerum novarum » hasta nuestros días""https://www.vatican.va/roman_curia/pontifical_councils/justpeace/documents/rc_pc_justpeace_doc_20060526_compendio-dott-soc_sp.html#De%20la%20«%20Rerum%20novarum%20»%20hasta%20nuestros%20días","https://www.vatican.va/roman_curia/pontifical_councils/justpeace/documents/rc_pc_justpeace_doc_20060526_compendio-dott-soc_sp.html""",403
1185,"Doctrina social de la Iglesia, de la Rerum Novarum hasta nuestros días No. 132-134  HYPERLINK ""https://www.vatican.va/roman_curia/pontifical_councils/justpeace/documents/rc_pc_justpeace_doc_20060526_compendio-dott-soc_sp.html"" \l ""De la « Rerum novarum » hasta nuestros días""https://www.vatican.va/roman_curia/pontifical_councils/justpeace/documents/rc_pc_justpeace_doc_20060526_compendio-dott-soc_sp.html#De%20la%20«%20Rerum%20novarum%20»%20hasta%20nuestros%20días","https://www.vatican.va/roman_curia/pontifical_councils/justpeace/documents/rc_pc_justpeace_doc_20060526_compendio-dott-soc_sp.html""",403
1186,"Doctrina social de la Iglesia, de la Rerum Novarum hasta nuestros días No. 171-184   HYPERLINK ""https://www.vatican.va/roman_curia/pontifical_councils/justpeace/documents/rc_pc_justpeace_doc_20060526_compendio-dott-soc_sp.html"" \l ""El respeto de la dignidad humana""https://www.vatican.va/roman_curia/pontifical_councils/justpeace/documents/rc_pc_justpeace_doc_20060526_compendio-dott-soc_sp.html#El%20respeto%20de%20la%20dignidad%20humana ","https://www.vatican.va/roman_curia/pontifical_councils/justpeace/documents/rc_pc_justpeace_doc_20060526_compendio-dott-soc_sp.html""",403
1187," Doctrina social de la Iglesia, de la Rerum Novarum hasta nuestros días No. 185-191     HYPERLINK ""https://www.vatican.va/roman_curia/pontifical_councils/justpeace/documents/rc_pc_justpeace_doc_20060526_compendio-dott-soc_sp.html"" \l ""IV. EL PRINCIPIO DE SUBSIDIARIDAD""https://www.vatican.va/roman_curia/pontifical_councils/justpeace/documents/rc_pc_justpeace_doc_20060526_compendio-dott-soc_sp.html#IV.%20EL%20PRINCIPIO%20DE%20SUBSIDIARIDAD","https://www.vatican.va/roman_curia/pontifical_councils/justpeace/documents/rc_pc_justpeace_doc_20060526_compendio-dott-soc_sp.html""",403
1188," Doctrina social de la Iglesia, de la Rerum Novarum hasta nuestros días No. 197-203  HYPERLINK ""https://www.vatican.va/roman_curia/pontifical_councils/justpeace/documents/rc_pc_justpeace_doc_20060526_compendio-dott-soc_sp.html"" \l ""Relación entre principios y valores""https://www.vatican.va/roman_curia/pontifical_councils/justpeace/documents/rc_pc_justpeace_doc_20060526_compendio-dott-soc_sp.html#Relación%20entre%20principios%20y%20valores","https://www.vatican.va/roman_curia/pontifical_councils/justpeace/documents/rc_pc_justpeace_doc_20060526_compendio-dott-soc_sp.html""",403
1198," “Aspectos fundamentales del método de Edith Stein”, Mariano Crespo, facultad de filosofía pontíficia universidad Católica de chile, 2010. https://www.scielo.cl/scielo.php?script=sci_arttext&pid=S0049-34492010000100004","https://www.scielo.cl/scielo.php?script=sci_arttext&pid=S0049-34492010000100004",403
1199," Filosofía de Edith Stein  HYPERLINK ""https://plato.stanford.edu/entries/stein/"" \l ""NatuPers""https://plato.stanford.edu/entries/stein/#NatuPers","https://plato.stanford.edu/entries/stein/""",404
1200," Notas sobre filosofía desde la fenomenología de Edith Stein, Rubén Sanchez Muñoz,UniversidadPopular Autónoma del Estado de Puebla.  https://elementos.buap.mx/post.php?id=531","https://elementos.buap.mx/post.php?id=531",NA
1202," Filosofía de Edith Stein  HYPERLINK ""https://plato.stanford.edu/entries/stein/"" \l ""SpirTheoWork""https://plato.stanford.edu/entries/stein/#SpirTheoWork","https://plato.stanford.edu/entries/stein/""",404
1204," Captación de la esencia que se capta mediante la abstracción, comienza por la experiencia y se refiere a ella. Definición: https://encyclopaedia.herdereditorial.com/wiki/Aprehensión","https://encyclopaedia.herdereditorial.com/wiki/Aprehensión",NA
1205," Filosofía de Edith Stein  HYPERLINK ""https://plato.stanford.edu/entries/stein/"" \l ""EarlPhen""https://plato.stanford.edu/entries/stein/#EarlPhen","https://plato.stanford.edu/entries/stein/""",404
1209,"Catecismo de la Iglesia Católica No. 364  HYPERLINK ""https://www.vatican.va/archive/catechism_sp/p1s2c1p6_sp.html"" \l "":~:text=364 El cuerpo del hombre,el templo del Espíritu (cf.""https://www.vatican.va/archive/catechism_sp/p1s2c1p6_sp.html#:~:text=364%20El%20cuerpo%20del%20hombre,el%20templo%20del%20Espíritu%20(cf.","https://www.vatican.va/archive/catechism_sp/p1s2c1p6_sp.html""",403
1209,"Catecismo de la Iglesia Católica No. 364  HYPERLINK ""https://www.vatican.va/archive/catechism_sp/p1s2c1p6_sp.html"" \l "":~:text=364 El cuerpo del hombre,el templo del Espíritu (cf.""https://www.vatican.va/archive/catechism_sp/p1s2c1p6_sp.html#:~:text=364%20El%20cuerpo%20del%20hombre,el%20templo%20del%20Espíritu%20(cf.","el%20templo%20del%20Espíritu%20(cf.",NA
1216," Biografía de Gustavo Gutierrez https://pastoralsj.org/creer/1298-gustavo-gutierrez","https://pastoralsj.org/creer/1298-gustavo-gutierrez",404
1218," La Teología de la liberación, facultad de teología , Universidad Católica de Chile, Sergio Silva, 2009 https://www.scielo.cl/scielo.php?script=sci_arttext&pid=S0049-34492009000100008","https://www.scielo.cl/scielo.php?script=sci_arttext&pid=S0049-34492009000100008",403
1220," Biografía de Leonardo Boff https://ignaciano.cl/biografia-leonardo-boff/","https://ignaciano.cl/biografia-leonardo-boff/",NA
1221," Algunos pensamientos de Leonardo Boff fueron rechazados por la Iglesia Católica, por lo que finalmente renunció al sacerdocio en 1992, pero sigue siendo parte de la Iglesia y sigue luchando por sus ideas. https://www.vatican.va/roman_curia/congregations/cfaith/documents/rc_con_cfaith_doc_19850311_notif-boff_en.html","https://www.vatican.va/roman_curia/congregations/cfaith/documents/rc_con_cfaith_doc_19850311_notif-boff_en.html",404
1223," II Conferencia General del Episcopado Latinoamericano (Medellín, 50 años) - Congreso Eclesial - 23 al 26 de agosto de 2018.  HYPERLINK ""https://www.celam.org/observatoriosociopastoral/detalle_noticias.php?id=MTc5"" \l "":~:text=La II Conferencia General del,a la luz del Concilio”.""https://www.celam.org/observatoriosociopastoral/detalle_noticias.php?id=MTc5#:~:text=La%20II%20Conferencia%20General%20del,a%20la%20luz%20del%20Concilio”.","https://www.celam.org/observatoriosociopastoral/detalle_noticias.php?id=MTc5""",404
1223," II Conferencia General del Episcopado Latinoamericano (Medellín, 50 años) - Congreso Eclesial - 23 al 26 de agosto de 2018.  HYPERLINK ""https://www.celam.org/observatoriosociopastoral/detalle_noticias.php?id=MTc5"" \l "":~:text=La II Conferencia General del,a la luz del Concilio”.""https://www.celam.org/observatoriosociopastoral/detalle_noticias.php?id=MTc5#:~:text=La%20II%20Conferencia%20General%20del,a%20la%20luz%20del%20Concilio”.","https://www.celam.org/observatoriosociopastoral/detalle_noticias.php?id=MTc5#:~:text=La%20II%20Conferencia%20General%20del",404
1223," II Conferencia General del Episcopado Latinoamericano (Medellín, 50 años) - Congreso Eclesial - 23 al 26 de agosto de 2018.  HYPERLINK ""https://www.celam.org/observatoriosociopastoral/detalle_noticias.php?id=MTc5"" \l "":~:text=La II Conferencia General del,a la luz del Concilio”.""https://www.celam.org/observatoriosociopastoral/detalle_noticias.php?id=MTc5#:~:text=La%20II%20Conferencia%20General%20del,a%20la%20luz%20del%20Concilio”.","a%20la%20luz%20del%20Concilio”.",NA
1227," Aparecida, Brasil, 2007   HYPERLINK ""https://celam.org/conferencias-generales/"" \l "":~:text=Con la presencia e iluminación,la verdad y la vida”.""https://celam.org/conferencias-generales/#:~:text=Con%20la%20presencia%20e%20iluminación,la%20verdad%20y%20la%20vida”.","la%20verdad%20y%20la%20vida”.",NA
1228," La teología del Pueblo en el Magisterio pastoral del Papa Francisco http://www.americalatina.va/content/americalatina/es/articulos/la-teologia-del-pueblo-en-el-magisterio-pastoral-del-Papa-franci.html","http://www.americalatina.va/content/americalatina/es/articulos/la-teologia-del-pueblo-en-el-magisterio-pastoral-del-Papa-franci.html",404
1240," Existen ramas del Judaísmo, que afirman que la Tora Oral fue entregada también a Moisés https://torah-org.translate.goog/learning/basics-primer-torah-oraltorah/?_x_tr_sl=en&_x_tr_tl=es&_x_tr_hl=es&_x_tr_pto=tc, otros afirman, que la Tora Oral se transmitió durante miles o cientos de años como historias que fueron transmitidas oralmente en el antiguo Israel. Moisés sólo las puso por escrito. Afirman, que la Torá Escrita apenas apareció 3 mil años después de que Dios le diera la primera Mitzvá (ordenanza) a Adán. Por lo tanto, todo el contenido de la Torá anterior a Moisés (esto es, básicamente, el libro del Génesis) fue originalmente Torá Oral. https://www.enlacejudio.com/2017/06/01/la-tora-la-ley-oral-escrita-al-mismo-tiempo/","",NA
1240," Existen ramas del Judaísmo, que afirman que la Tora Oral fue entregada también a Moisés https://torah-org.translate.goog/learning/basics-primer-torah-oraltorah/?_x_tr_sl=en&_x_tr_tl=es&_x_tr_hl=es&_x_tr_pto=tc, otros afirman, que la Tora Oral se transmitió durante miles o cientos de años como historias que fueron transmitidas oralmente en el antiguo Israel. Moisés sólo las puso por escrito. Afirman, que la Torá Escrita apenas apareció 3 mil años después de que Dios le diera la primera Mitzvá (ordenanza) a Adán. Por lo tanto, todo el contenido de la Torá anterior a Moisés (esto es, básicamente, el libro del Génesis) fue originalmente Torá Oral. https://www.enlacejudio.com/2017/06/01/la-tora-la-ley-oral-escrita-al-mismo-tiempo/","https://www.enlacejudio.com/2017/06/01/la-tora-la-ley-oral-escrita-al-mismo-tiempo/",403
1258," Soferim  HYPERLINK ""https://www.jewishvirtuallibrary.org/soferim"" \l "":~:text=SOFERIM (Heb.,a specific class of scholars.""https://www.jewishvirtuallibrary.org/soferim#:~:text=SOFERIM%20(Heb.,a%20specific%20class%20of%20scholars.","https://www.jewishvirtuallibrary.org/soferim""",404
1258," Soferim  HYPERLINK ""https://www.jewishvirtuallibrary.org/soferim"" \l "":~:text=SOFERIM (Heb.,a specific class of scholars.""https://www.jewishvirtuallibrary.org/soferim#:~:text=SOFERIM%20(Heb.,a%20specific%20class%20of%20scholars.","a%20specific%20class%20of%20scholars.",NA
1262,"Los Fariseos  HYPERLINK ""https://www.worldhistory.org/trans/es/1-20491/los-fariseos/"" \l "":~:text=Conceptos fariseos&text=Los fariseos promovían la idea,Templo en sus vidas cotidianas.""https://www.worldhistory.org/trans/es/1-20491/los-fariseos/#:~:text=Conceptos%20fariseos&text=Los%20fariseos%20promovían%20la%20idea,Templo%20en%20sus%20vidas%20cotidianas.","Templo%20en%20sus%20vidas%20cotidianas.",NA
1279," La Corona de Jeresualém (Tanaj reeditado)  https://sefarad-asturias.org/blog/la-corona-de-Jerusalén-tanaj-reeditado/ ","https://sefarad-asturias.org/blog/la-corona-de-Jerusalén-tanaj-reeditado/",404
1284," Diversas traducciones según la versión de la Biblia Cristiana https://www.biblegateway.com/verse/es/Isaías%207%3A14","https://www.biblegateway.com/verse/es/Isaías%207%3A14",400
1289,"Hexapla de Orígenes https://www.maronitas.org/scripta/hexapla-de-origenes-(ἑξαπλᾶ)","https://www.maronitas.org/scripta/hexapla-de-origenes-(ἑξαπλᾶ)",400
1299," Introducción a la Biblia https://www.aciprensa.com/Biblia/Biblia.htm","https://www.aciprensa.com/Biblia/Biblia.htm",404
1311," Apócrifos, Escrito por George J. Reid.  HYPERLINK ""https://ec.aciprensa.com/wiki/Apócrifos"" \l ""Evangelios_Ap.C3.B3crifos""https://ec.aciprensa.com/wiki/Apócrifos#Evangelios_Ap.C3.B3crifos","https://ec.aciprensa.com/wiki/Apócrifos""",404
1332," Constitución dogmática Dei Verbum sobre la Divina Revelación No.18 https://www.vatican.va/archive/hist_councils/ii_vatican_council/documents/vat-ii_const_19651118_dei-verbum_sp.html","https://www.vatican.va/archive/hist_councils/ii_vatican_council/documents/vat-ii_const_19651118_dei-verbum_sp.html",404
1333,"  Constitución dogmática Dei Verbum sobre la Divina Revelación No.19 https://www.vatican.va/archive/hist_councils/ii_vatican_council/documents/vat-ii_const_19651118_dei-verbum_sp.html","https://www.vatican.va/archive/hist_councils/ii_vatican_council/documents/vat-ii_const_19651118_dei-verbum_sp.html",404
1342," Biografía de Roland dhttps://redhistoria.com/biografia-roland-de-vaux/e Vaux ","https://redhistoria.com/biografia-roland-de-vaux/e",404
1344," Los Manuscritos del Mar Muerto, el proyecto digital http://dss.collections.imj.org.il/es/discovery","http://dss.collections.imj.org.il/es/discovery",405
1356," The Leon Levy , Dead Sea Scrolls digital library, 4Q71 - 4Q Jerb y 4Q72 - 4Q Jerd ,  HYPERLINK ""https://www.deadseascrolls.org.il/explore-the-archive/search"" \l ""q='Jer'+AND+site_en:'Qumran, Cave 4'""https://www.deadseascrolls.org.il/explore-the-archive/search#q='Jer'+AND+site_en:'Qumran,%20Cave%204'","https://www.deadseascrolls.org.il/explore-the-archive/search""",400
1356," The Leon Levy , Dead Sea Scrolls digital library, 4Q71 - 4Q Jerb y 4Q72 - 4Q Jerd ,  HYPERLINK ""https://www.deadseascrolls.org.il/explore-the-archive/search"" \l ""q='Jer'+AND+site_en:'Qumran, Cave 4'""https://www.deadseascrolls.org.il/explore-the-archive/search#q='Jer'+AND+site_en:'Qumran,%20Cave%204'","%20Cave%204'",NA
1359," Los Manuscritos del Mar Muerto, el proyecto digital, el gran rollo de Isaías, http://dss.collections.imj.org.il/es/isaiah","http://dss.collections.imj.org.il/es/isaiah",405
1361," Entre 2010 y 2022 en 120 países, la UNICEF estima en 370 millones , la violencia sexual contra niños y niñas en el mundo https://www.unicef.org/es/comunicados-prensa/mas-370-millones-ninas-mujeres-mundo-sometidas-violaciones-abusos-sexuales-infancia","https://www.unicef.org/es/comunicados-prensa/mas-370-millones-ninas-mujeres-mundo-sometidas-violaciones-abusos-sexuales-infancia",403
1371,"  Vaticano – estadísticas de la iglesia Católica – 2024  HYPERLINK ""https://www.fides.org/es/stats"" \l "":~:text=Los institutos sanitarios de beneficencia,10.589 escuelas infantiles; 10.500 consultorios""https://www.fides.org/es/stats#:~:text=Los%20institutos%20sanitarios%20de%20beneficencia,10.589%20escuelas%20infantiles;%2010.500%20consultorios","https://www.fides.org/es/stats""",404
1371,"  Vaticano – estadísticas de la iglesia Católica – 2024  HYPERLINK ""https://www.fides.org/es/stats"" \l "":~:text=Los institutos sanitarios de beneficencia,10.589 escuelas infantiles; 10.500 consultorios""https://www.fides.org/es/stats#:~:text=Los%20institutos%20sanitarios%20de%20beneficencia,10.589%20escuelas%20infantiles;%2010.500%20consultorios","10.589%20escuelas%20infantiles;%2010.500%20consultorios",NA
1372," The world’s biggest charity https://thecatholicherald.com/a-worldwide-force-for-good/","https://thecatholicherald.com/a-worldwide-force-for-good/",404
1373,"Algunas cifras: El presupuesto de funcionamiento del Vaticano de 1.4 Bill usd para 2023 , es menor que el del funcionamiento de la universidad de Harvard (6.4 Bill usd) o Notre Dame (1.8 Bill);  el patrimonio del banco del Vaticano de $5.4 usd billones, no es mucho comparado con el estandar de bancos privados como el JPMorgan Chase, de $3.5 Trill usd; los activos en propiedades del vaticano estimadas en 2.9 Bill usd, es cinco veces menor que el de la misma universidad de Notre Dame(16 Bill usd). La basílica de San Pedro, estimada hoy entre 5 y 8 Bill usd, de hoy, es menor que el hotel Abraj Al Bait de la Meca, estimado en 15.5 Bill usd; un cardenal recibe un salario de 6 mil usd por mes (sin bonos de ninguna naturaleza) vs los 17 mil usd/mes de un ejecutivo del Bank of América (mas bonos y opciones de acciones) - Debunking the Myth of Vast Vatican Wealth https://www.wordonfire.org/articles/debunking-the-myth-of-vast-vatican-wealth/","https://www.wordonfire.org/articles/debunking-the-myth-of-vast-vatican-wealth/",403
1388," ¿Who is G.K Chesterton ? https://www.chesterton.org/discover/","https://www.chesterton.org/discover/",403
1391," Chesterton Friendship https://www.chesterton.org/quotations/friendship/","https://www.chesterton.org/quotations/friendship/",403
